﻿ProjectId,DesignElementId,ElementTypeId,ParentDesignElementId,StartingDate,DueDate,Name,Description,CreationDate,UpdateDate
162190,1,7,,,,Start Menu Hud,,2/11/2022 3:27:29 AM,4/20/2022 2:18:17 AM
162190,2,7,1,,,Layout,The layout of the hud menu,2/11/2022 3:32:00 AM,4/20/2022 2:18:17 AM
162190,3,7,1,,,What is in the hud,"What is in the hud like: 
- the start button
- options button
- exit button",2/11/2022 3:32:48 AM,4/20/2022 2:18:17 AM
162190,4,11,,,,Player,The player character,2/11/2022 3:42:42 AM,4/20/2022 2:18:17 AM
162190,5,11,,,,Enemys,The enemy character(s),2/11/2022 3:44:07 AM,4/20/2022 2:18:18 AM
162190,6,10,4,,,Player,The mechanics for the playing character,2/11/2022 3:44:35 AM,4/20/2022 2:18:17 AM
162190,7,10,5,,,Enemys,The mechanics for the enemy character(s),2/11/2022 3:44:50 AM,4/20/2022 2:18:18 AM
162190,8,2,,,,Maze,The maze that you go through,2/11/2022 3:46:31 AM,4/20/2022 2:18:18 AM
162190,9,10,8,,,World,The mechanics for the world,2/11/2022 3:47:03 AM,4/20/2022 2:18:18 AM
162190,10,12,8,,,Possible items,Items that you can or need to get to continue,2/11/2022 3:56:21 AM,4/20/2022 2:18:18 AM
162190,11,12,8,,,Objective,The objective you have to do or get to,2/11/2022 3:57:02 AM,4/20/2022 2:18:18 AM
162190,12,13,,,,Items,,4/20/2022 2:18:17 AM,2/10/2023 3:38:05 AM
