﻿ProjectId,Name,Description,Info,CostMetricId,CreationDate
162190,Richard's Maze Run,"Brief Overview:
The game is going to be a maze runner-type game, so you are supposed to find your way out of the maze & find some items to help you with escaping.
Genres:
Maze, Puzzle, Adventure, Escape the Room
Platform:
Windows & Mac","Hi, I’m Richard Pountney.
Have you ever had the feeling of curiosity to explore a big maze? Have you been able to satisfy that curiosity?
Well, my game can satisfy that curiosity.
My game is for curious explorer-type people of most ages.
At my game’s core, it is about discovery & exploration with a tad bit of puzzle-solving.
This first-person game is placed in an eerie abandoned theme park setting & once you enter the maze you will realize that it is amazingly bigger than what you would’ve thought.
The maze goes from wooden fencing to stone walls to metal wire fencing and then to plants like hedges that creepily don’t seem to be overgrown. The plant area is meant to represent the final area.",3,2/11/2022 2:49:38 AM
