﻿ProjectId,UserId,UserName,FullName,IsActive,IsAdmin,JoiningDate
162190,4768,blasgb,Brian Blasgund,True,True,2/11/2022 2:49:38 AM
162190,26260,Colton,Colton Onderwater,True,True,2/11/2022 2:49:38 AM
162190,52642,Josh_Ferguson,Joshua Ferguson,False,True,2/11/2022 2:49:39 AM
162190,158996,apesawesome,April Owen,False,True,2/11/2022 2:49:39 AM
162190,163441,ScotchCarb,Ian Bell,True,True,10/6/2022 4:57:14 AM
162190,165061,chris_duffy,chris duff,False,False,5/25/2022 4:00:35 AM
162190,176592,Stampard1,Richard Pountney,True,True,2/11/2022 2:49:59 AM
162190,186383,KrisMorningstar,Kris Morningstar,True,True,7/29/2022 2:27:51 AM
162190,186395,Vibu,Rengasami,True,True,7/29/2022 3:10:07 AM
